product_category_name,revenue
beleza_saude,1258681.339999967
relogios_presentes,1205005.679999998
cama_mesa_banho,1036988.6800000707
esporte_lazer,988048.9700000426
informatica_acessorios,911954.320000036
moveis_decoracao,729762.4900000436
cool_stuff,635290.8500000003
utilidades_domesticas,632248.660000022
automotivo,592720.1100000094
ferramentas_jardim,485256.46000001236
